{"cameraMode":{"drawMode":0,"name":"Shaded","section":"Shading Mode"},"sceneLighting":true,"audioPlay":false,"sceneViewState":{"showFog":true,"showMaterialUpdate":false,"showSkybox":true,"showFlares":true,"showImageEffects":true,"showParticleSystems":true,"showVisualEffectGraphs":true,"m_FxEnabled":true},"in2DMode":false,"pivot":{"x":119.8729476928711,"y":7.740890026092529,"z":56.29646682739258},"rotation":{"x":0.004490820225328207,"y":-0.9125404953956604,"z":0.4091428518295288,"w":0.0065918732434511189},"size":4.729519367218018,"orthographic":false}